{
  "schemaVersion": 1,
  "id": "more_features",
  "version": "1.1.6",
  "name": "More Features",
  "description": "A mod that adds more features to the game",
  "authors": [
    "ComputerGuy, MCreator"
  ],
  "contact": {
    "homepage": "https://mcreator.net",
    "sources": ""
  },
  "license": "All Rights Reserved",
  "icon": "assets/more_features/icon.png",
  "environment": "*",
  "entrypoints": {
    "main": [
      "net.mcreator.more_features.MoreFeaturesMod"
    ],
    "client": [
      "net.mcreator.more_features.ClientInit"
    ]
  },
  "depends": {
    "fabricloader": ">=0.14.9",
    "fabric": "*",
    "minecraft": "~1.19",
    "java": ">=17"
  },
  "mixins": [
    "more_features.mixins.json"
  ]
}